P#,ISO3,Country,PDO,Description,Fiscal Year,Generation,Status,ICR,Activation for COVID ,Region,SIDS,Global Practice,Renewal (times),Standalone/Mixed,Source,Outcomes,Risk to Development Outcome,Bank Performance,Borrower Performance,Relevance of Prior Actions,Achievement of Objectives,Quality at Entry (Bank),Quality of Supervision (Bank),Activation for COVID,# of Prior Actions,# of Indicators,Cofinancing (Y / N),Approval Date,Closing Date,Commitment (All = DPO + Cat DDO),Commitment (Cat DDO only),Cat DDO Comm - IBRD ,Cat DDO Comm - IDA,Allocation To Respond to COVID-19 AMT,FY09 Cat DDO Disb.,FY10 Cat DDO Disb.,FY11 Cat DDO Disb.,FY12 Cat DDO Disb.,FY13 Cat DDO Disb.,FY14 Cat DDO Disb.,FY15 Cat DDO Disb.,FY16 Cat DDO Disb.,FY17 Cat DDO Disb.,FY18 Cat DDO Disb.,FY19 Cat DDO Disb.,FY20 Cat DDO Disb.,FY21 Cat DDO Disb.,FY22 Cat DDO Disb.,FY23 Cat DDO Disb.,FY24 Cat DDO Disb.,FY25 Cat DDO Disb.,FY26 Cat DDO Disb.,FY27 Cat DDO Disb.,FY28 Cat DDO Disb.,FY29 Cat DDO Disb.,FY30 Cat DDO Disb.,Disbursements - Cat DDO Cum.,Disbursements - Cat DDO Cum. (IBRD),Disbursements - Cat DDO Cum. (IDA),CAT DDO Undisbursed,CAT DDO Undisbursed (IBRD),CAT DDO Undisbursed (IDA),% Undisbursed,Gender Tagged,Note
P171465,GRD,Grenada,"To strengthen Grenada’s (a) disaster and climate resilience policy framework, and (b) fiscal risk management associated with natural hazards.",Grenada Disaster Risk Management Development Policy Credit with a Catastrophe Deferred Drawdown Option,FY20,1,Active,No,No,LCR,Yes,"Urban, Resilience and Land",1,Standalone,IDA,,,,,,,,,No,6,6,N,21-11-19,,20000000,20000000,0,20000000,,,,,,,,,,,,,,,,,,20000000,,,,,,20000000,0,20000000,0,0,0,0%,Yes,
P172614,TUV,Tuvalu,"to support the government’s efforts to: (i) strengthen public financial management; (ii) enhance infrastructure management, and disaster- and climate-resilience; and (iii) improve social protection and inclusion in education.",TUVALU SECOND RESILIENCE DEVELOPMENT POLICY OPERATION WITH A CATASTROPHE-DEFERRED DRAWDOWN OPTION,FY22,2,Active,No,No,EAP,Yes,"Macroeconomics, Trade and Investment",1,Mixed,IDA,,,,,,,,,No,6,9,N,08-12-21,,17500000,10000000,0,10000000,,,,,,,,,,,,,,,,,,,,,,,,0,0,0,10000000,0,10000000,100%,Yes,
P173558,FJI,Fiji,"to: i) promote private sector-led economic recovery; ii) enhance climate, disaster and social resilience; and iii) strengthen debt and public financial management",Fiji First Economic Reform and Climate Resilience Development Policy Operation with a Catastrophe-Deferred Drawdown Option (CAT-DDO),FY21,1,Active,No,No,EAP,Yes,"Macroeconomics, Trade and Investment",1,Mixed,IDA,,,,,,,,,No,7,9,N,25-03-21,,145000000,10000000,0,10000000,,,,,,,,,,,,,,,,,,,,,,,,0,0,0,10000000,0,10000000,100%,,
P174191,PAN,Panama,"to enhance the Government of Panama's technical and institutional capacity to manage the disaster risk resulting from the occurrence of natural and health-related hazards, including the adverse effects of climate change and disease outbreaks.",SECOND PANAMA DISASTER RISK MANAGEMENT DEVELOPMENT POLICY LOAN WITH A CAT DDO,FY22,2,Active,No,No,LCR,No,"Urban, Resilience and Land",,Standalone,IBRD,,,,,,,,,No,4,7,N,14-03-22,,100000000,100000000,100000000,0,,,,,,,,,,,,,,,,,,68000000,,,,,,68000000,68000000,0,32000000,32000000,0,32%,Yes,
P175072,MWI,Malawi,"to support reforms aimed at 1) anchoring fiscal sustainability and transparency, 2) stimulating private sector-led growth, and 3) strengthening the resilience of the poor against shocks.",Malawi First Growth and Resilience DPO with a Catastrophe Deferred Drawdown Option,FY24,2,Active,No,No,AFE,No,"Macroeconomics, Trade and Investment",,Mixed,IDA,,,,,,,,,,,,,12-12-23,,137000000,57000000,0,57000000,,,,,,,,,,,,,,,,,57000000,,,,,,,57000000,0,57000000,0,0,0,0%,,
P176148,CPV,Cabo Verde,to support the Government’s efforts to strengthen the foundations for a resilient and equitable economic recovery through (i) reducing fiscal risks and improving debt transparency; (ii) strengthening the resilience of poor and vulnerable households to climate shocks; and (iii) enabling a sustainable private sector-led recovery.,Cabo Verde: Second Sustainable and Equitable Recovery DPF with a Cat DDO,FY23,2,Active,No,No,AFW,Yes,"Macroeconomics, Trade and Investment",,Mixed,IDA,,,,,,,,,,7,9,N,17-11-22,,52500000,10000000,0,10000000,,,,,,,,,,,,,,,,,,,,,,,,0,0,0,10000000,0,10000000,100%,,
P176650,COL,Colombia,"To strengthen the Government of Colombia’s program to manage risk resulting from adverse natural events, including disease outbreaks",Third Disaster Risk Management Development Policy Loan with a Cat DDO,FY22,3,Active,No,No,LCR,No,"Urban, Resilience and Land",,Standalone,IBRD,,,,,,,,,,7,12,,17-12-21,,300000000,300000000,300000000,0,,,,,,,,,,,,,,,,300000000,,,,,,,,300000000,300000000,0,0,0,0,0%,Yes,
P176930,VUT,Vanuatu,to enhance the Recipient's regulatory framework and institutional capacity to: (i) manage and reduce the risks from natural disasters and climate change; and (ii) to better manage public debt and enhance debt transparency.,Vanuatu Second Disaster Risk Management Development Policy Grant with a Catastrophe-Deferred Drawdown Option,FY22,2,Active,No,No,EAP,Yes,"Urban, Resilience and Land",,Standalone,IDA,,,,,,,,,,4,6,N,22-06-22,,10000000,10000000,0,10000000,,,,,,,,,,,,,,,,9555552,,,,,,,,9555552,0,9555552,444448,0,444448,4%,,
P177001,HND,Honduras,"to consolidate and expand Honduras' institutional, regulatory, policy and financial framework to manage disaster and climate-related risks, including disease outbreaks.",Honduras Second DRM Development Policy Credit with Deferred Drawdown Option (Cat DDO),FY22,2,Active,No,No,LCR,No,"Urban, Resilience and Land",,Standalone,IDA,,,,,,,,,,5,8,N,16-06-22,,110000000,110000000,0,110000000,,,,,,,,,,,,,,,,,,100000000,,,,,,100000000,0,100000000,10000000,0,10000000,9%,Yes,
P177748,GMB,The Gambia,"Support The Gambia’s efforts to (i) unlock its productive potential; (ii) strengthen procurement, economic governance of SOEs, and domestic revenue mobilization; and (iii) strengthen climate and social resilience.",Gambia Boosting Resilience and Unlocking Productive Potential DPF1 with Cat DDO,FY24,1,Active,No,No,AFW,No,"Macroeconomics, Trade and Investment",,Mixed,IDA,,,,,,,,,,8,11,,31-10-23,,60000000,20000000,0,20000000,,,,,,,,,,,,,,,,,,,,,,,,0,0,0,20000000,0,20000000,100%,,
P177794,KIR,Kiribati,"are: (i) strengthening fiscal management, and (ii) promoting inclusive and climate-resilient economic development.",Kiribati First Resilient Growth Development Policy Operation with a Catastrophe Deferred Drawdown Option,FY24,1,Active,No,No,EAP,Yes,"Macroeconomics, Trade and Investment",,Mixed,IDA,,,,,,,,,,6,6,,12-05-23,,10000000,2000000,0,2000000,,,,,,,,,,,,,,,,,,,,,,,,0,0,0,2000000,0,2000000,100%,,
P177807,DMA,Dominica,to support the Government of the Commonwealth of Dominica in: (a) strengthening the legal and institutional framework to increase climate and disaster resilience in priority sectors; and (b) improving national fiscal capacity to respond to disaster and climate-related risks.,Dominica Disaster Risk Management Development Policy Credit  with a Catastrophe Deferred Drawdown Option,FY22,1,Active,No,No,LCR,Yes,"Urban, Resilience and Land",,Standalone,IDA,,,,,,,,,,6,7,,03-06-22,,20000000,20000000,0,20000000,,,,,,,,,,,,,,,,,,,,,,,,0,0,0,20000000,0,20000000,100%,,
P178122,DOM,Dominican Republic,"The proposed operation aims at supporting the GoDR’s management of risks resulting from natural and public health adverse events, by (i) strengthening disaster risk reduction in territorial planning and the housing sector, and (ii) strengthening disaster risk preparedness, response and recovery through shock-responsive social protection and fiscal risk management.",Dominican Republic Second DRM Development Policy Loan with a Catastrophe Deferred Drawdown Option,FY23,2,Active,No,No,LCR,Yes,"Urban, Resilience and Land",,Standalone,IBRD,,,,,,,,,,5,7,N,12-02-22,,230000000,230000000,230000000,0,,,,,,,,,,,,,,,,,,,,,,,,0,0,0,230000000,230000000,0,100%,,
P178676,SLB,Solomon Islands,"The proposed series of two operations supports the Solomon Islands Government in its efforts to improve fiscal management, private sector development, and climate and disaster resilience.",The First Solomon Islands Resilience DPO with a Catastrophe Deferred Drawdown Option,FY24,1,Active,No,No,EAP,Yes,"Macroeconomics, Trade and Investment",,Mixed,IDA,,,,,,,,,,8,9,,10-11-23,,20000000,5000000,0,5000000,,,,,,,,,,,,,,,,,,,,,,,,0,0,0,5000000,0,5000000,100%,,
P179263,MRT,Mauritania,to strengthen the foundations for: (i) sound fiscal and debt management; and (ii) a competitive and climate-resilient economy.,Mauritania Fiscal Management and Resilience Development Policy Financing with a Catastrophe Deferred Drawdown Option,FY24,1,Active,No,No,AFW,No,"Macroeconomics, Trade and Investment",,Mixed,IDA,,,,,,,,,,,,,29-02-24,,48000000,24000000,0,24000000,,,,,,,,,,,,,,,,,,,,,,,,0,0,0,24000000,0,24000000,100%,,
P179813,TON,Tonga,to: i) strengthen fiscal and debt sustainability. ii) enhance resilience to climate change and disasters.,Tonga Development Policy Operation with a Catastrophe-Deferred Drawdown Option,FY24,2,Active,No,No,EAP,Yes,"Macroeconomics, Trade and Investment",,Mixed,IDA,,,,,,,,,,5,5,,15-01-24,,25000000,20000000,0,20000000,,,,,,,,,,,,,,,,,,,,,,,,0,0,0,20000000,0,20000000,100%,,
P179820,TUV,Tuvalu,"to: (i) promote climate and disaster resilient fiscal policy and trade facilitation, and (ii) improve the institutional and regulatory framework for climate and disaster resilient infrastructure.",Tuvalu First Inclusive Resilience Development Policy Operation with a Catastrophe-Deferred Drawdown Option,FY24,3,Active,No,No,EAP,Yes,"Macroeconomics, Trade and Investment",,Mixed,IDA,,,,,,,,,,6,6,,22-09-23,,11500000,4000000,0,4000000,,,,,,,,,,,,,,,,,,,,,,,,0,0,0,4000000,0,4000000,100%,,
P179861,CRI,Costa Rica,to enhance the Government of Costa Rica’s capacity to manage disaster risk resulting from the occurrence of natural and health related hazards and the impacts of climate change.,Second Costa Rica Disaster Risk Management Development Policy Loan with a CAT DDO,FY23,2,Active,No,No,LCR,No,"Urban, Resilience and Land",,Standalone,IBRD,,,,,,,,,,4,9,,23-03-23,,160000000,160000000,160000000,0,,,,,,,,,,,,,,,,,,,,,,,,0,0,0,160000000,160000000,0,100%,,
P180286,BEN,Benin,"to: (i) enhance private sector-led growth, (ii) boost domestic revenue collection, and (iii) strengthen social and climate resilience",Benin Boosting Inclusive Growth and Resilience DPF1 series with Cat DDO,FY24,1,Active,No,No,AFW,No,"Macroeconomics, Trade and Investment",,Mixed,IDA,,,,,,,,,,10,11,,31-10-23,,230000000,80000000,0,80000000,,,,,,,,,,,,,,,,,54672500,,,,,,,54672500,0,54672500,25327500,0,25327500,32%,,
P180585,PHL,Philippines,"to strengthen the Government of the Philippines' capacity to manage disaster and climate risks, including those in the education, human settlements, and health systems.",Philippines Disaster Risk Management Development Policy Loan with a Catastrophe Deferred-Drawdown Option,FY24,4,Active,No,No,EAP,No,"Urban, Resilience and Land",,Standalone,IBRD,,,,,,,,,,5,6,,16-11-23,,500000000,500000000,500000000,0,,,,,,,,,,,,,,,,,,,,,,,,0,0,0,500000000,500000000,0,100%,,
P181256,COL,Colombia,"To strengthen the Government of Colombia’s program to manage risks resulting from climate, disaster and public health shocks at subnational level and across key sectors by (i) improving access to financial instruments and (ii) promoting resilience and climate change adaptation.",Colombia - Fourth Disaster Risk Management Development Policy Loan with a Catastrophe Deferred Drawdown Option (Cat DDO),FY25,4,Active,No,No,LCR,No,"Urban, Resilience and Land",,Standalone,IBRD,,,,,,,,,,,,,06-02-25,,200000000,200000000,200000000,0,,,,,,,,,,,,,,,,,,,,,,,,0,0,0,200000000,200000000,0,100%,,
P181344,NPL,Nepal,"to strengthen the capacity of the Government of Nepal to manage disaster and climate risks, including disease outbreaks.",Nepal Disaster and Climate Risk Management - Second Development Policy Financing with Cat DDO,FY25,2,Active,No,No,SAR,No,"Urban, Resilience and Land",,Standalone,IDA,,,,,,,,,,,,,08-10-24,,150000000,150000000,0,150000000,,,,,,,,,,,,,,,,,,99500000,,,,,,99500000,0,99500000,50500000,0,50500000,34%,,
P181432,LCA,St. Lucia,"The Development Objective of the DRM Cat DDO is to support the Government of Saint Lucia's management of risks resulting from hydrometeorological and public health adverse events by strengthening by (i) rIntegrating Climate Resilience into Physical and Data Infrastructure, and (ii) Strengthening financial resilience against hydrometeorological disasters and climate change .",Saint Lucia Development Policy Credit with Catastrophe Deferred Drawdown Option,FY25,1,Active,No,No,LCR,Yes,"Urban, Resilience and Land",,Standalone,IDA,,,,,,,,,,,,,10-04-25,,20000000,20000000,0,20000000,,,,,,,,,,,,,,,,,,,,,,,,0,0,0,20000000,0,20000000,100%,,
P500536,BTN,Bhutan,To strengthen the technical and institutional capacity of the Royal Government of Bhutan to manage the risk of climate change and natural disasters,Bhutan Development Policy Credit with Second Catastrophe Deferred Drawdown Option,FY25,2,Active,No,No,SAR,No,"Urban, Resilience and Land",,Standalone,IDA,,,,,,,,,,,,,11-12-24,,40000000,40000000,0,40000000,,,,,,,,,,,,,,,,,,,,,,,,0,0,0,40000000,0,40000000,100%,,
P500609,FJI,Fiji,"To support the Government of Fiji in its efforts to build fiscal, climate and disaster resilience, and the foundations for private sector development",Fiji Growth and Resilience First DPF with a Cat DDO,FY24,2,Active,No,No,EAP,Yes,"Macroeconomics, Trade and Investment",,Mixed,IDA,,,,,,,,,,,,,21-06-24,,125000000,30000000,0,30000000,,,,,,,,,,,,,,,,,,,,,,,,0,0,0,30000000,0,30000000,100%,,
P502111,ROU,Romania,"to support the Government of Romania’s efforts to strengthen inclusive multihazard preparedness and response, and to advance disaster risk reduction and climate change action.",Romania Second Disaster Risk Management Development Policy Loan with a Cat-DDO,FY25,2,Active,No,No,ECA,No,"Urban, Resilience and Land",,Standalone,IBRD,,,,,,,,,,,,,19-09-24,,500000000,500000000,500000000,0,,,,,,,,,,,,,,,,,,346000000,,,,,,346000000,346000000,0,154000000,154000000,0,31%,,
P502565,LBR,Liberia,"The program development objective aims to bolster inclusive growth and resilience by (i) strengthening fiscal resilience, (ii) enabling foundations for private sector development, and (iii) supporting social, disaster, and climate resilience.",Liberia First Resilient and Inclusive Growth Development Policy Financing,FY25,1,Active,No,No,AFW,,"Macroeconomics, Trade and Investment",,Mixed,IDA,,,,,,,,,,,,,05-12-24,,60000000,20000000,0,20000000,,,,,,,,,,,,,,,,,,,,,,,,0,0,0,20000000,0,20000000,100%,,
P503960,SLE,Sierra Leone,The program development objectives are to (i) improve fiscal management; (ii) enable conditions for inclusive growth; and (iii) build climate and disaster resilience.,Sierra Leone First Macro Stability and Resilience DPO with a Catastrophe Deferred Drawdown Option,FY25,1,Active,No,No,AFW,No,"Macroeconomics, Trade and Investment",,Mixed,IDA,,,,,,,,,,,,,13-12-24,,80000000,20000000,0,20000000,,,,,,,,,,,,,,,,,,,,,,,,0,0,0,20000000,0,20000000,100%,,
P504373,MHL,Marshall Islands,to: (i) enhance fiscal management; and (ii) build disaster and climate resilience,RMI Enhancing Sustainability and Resilience Development Policy Operation with a Catastrophe Deferred Drawdown Option,FY25,1,Active,No,No,EAP,Yes,"Macroeconomics, Trade and Investment",,Mixed,IDA,,,,,,,,,,,,,19-07-24,,21000000,12000000,0,12000000,,,,,,,,,,,,,,,,,,,,,,,,0,0,0,12000000,0,12000000,100%,,
P505490,BLZ,Belize,"To enhance the institutional, technical, and financial capacity of the Government of Belize (GoB) to manage risk resulting from the occurrence of natural hazards, including the adverse effects of climate change.",Belize  Development Policy Credit with Catastrophe Deferred Drawdown Option,FY26,1,Active,No,No,LCR,Yes,"Urban, Resilience and Land",,Standalone,IDA,,,,,,,,,,,,,29-07-25,,20000000,20000000,0,20000000,,,,,,,,,,,,,,,,,,,,,,,,0,0,0,20000000,0,20000000,100%,,
P506285,VUT,Vanuatu,"to 1) promote fiscal resilience and transparency, and 2) strengthen climate and disaster risk management.",Vanuatu Resilience Development Policy Financing with a Catastrophe Deferred Drawdown Option,FY25,3,Active,No,No,EAP,Yes,"Macroeconomics, Trade and Investment",,Mixed,IDA,,,,,,,,,,,,,14-01-25,,30000000,10000000,0,10000000,,,,,,,,,,,,,,,,,,,,,,,,0,0,0,10000000,0,10000000,100%,,
P507116,ZMB,Zambia,"to: (i) enhance fiscal management and resilience, (ii) promote private-sector investment and resilience in enabling sectors, and (iii) strengthen disaster risk management and climate resilience.",First Zambia Recovery and Resilience Programmatic DPF with CAT-DDO,FY25,1,Active,No,No,AFE,No,"Macroeconomics, Trade and Investment",,Mixed,IDA,,,,,,,,,,,,,18-12-24,,100000000,75000000,0,75000000,,,,,,,,,,,,,,,,,,,,,,,,0,0,0,75000000,0,75000000,100%,,
P507259,JAM,Jamaica,"(i) To facilitate trade, digital adoption and financial stability for private sector development; and (ii) To enhance fiscal and physical resilience to climate change and disasters, including natural hazard and health shocks.",Jamaica - Sustainable and Resilient Recovery  DPF with CAT DDO,FY25,1,Active,No,No,LCR,Yes,"Finance, Competitiveness and Innovation",,Mixed,IBRD,,,,,,,,,,,,,28-02-25,,192000000,42000000,42000000,0,,,,,,,,,,,,,,,,,,,,,,,,0,0,0,42000000,42000000,0,100%,,
P507760,VCT,St. Vincent and the Grenadines,"The PDO is to enhance the Government of St. Vincent and the Grenadines' capacity to manage disaster and climate risks, including those in land development, education, and finance.",Saint Vincent and the Grenadines Disaster Risk Management Cat-DDO,FY25,2,Active,No,No,LCR,Yes,"Urban, Resilience and Land",,Standalone,IDA,,,,,,,,,,,,,10-04-25,,20000000,20000000,0,20000000,,,,,,,,,,,,,,,,,,,,,,,,0,0,0,20000000,0,20000000,100%,,
P507912,TZA,Tanzania,"The Project Development Objective is to strengthen economic resilience and the technical, financial and institutional capacity to manage climate, fiscal and disaster risks",United Republic of Tanzania - Catastrophe Deferred Drawdown Option (Cat DDO),FY25,1,Active,No,No,AFE,No,"Urban, Resilience and Land",,Mixed,IDA,,,,,,,,,,,,,05-06-25,,300000000,200000000,0,200000000,,,,,,,,,,,,,,,,,,,,,,,,0,0,0,200000000,0,200000000,100%,,
P507916,BRB,Barbados,"To enhance the Government of Barbados' institutional, technical, and financial capacity to manage risk, resulting from the occurrence of natural or health-related hazards, including the adverse effects of climate change and disease outbreaks.",Barbados Disaster Risk Management  Cat DDO,FY25,1,Active,No,No,LCR,Yes,"Urban, Resilience and Land",,Standalone,IBRD,,,,,,,,,,,,,10-04-25,,30000000,30000000,30000000,0,,,,,,,,,,,,,,,,,,,,,,,,0,0,0,30000000,30000000,0,100%,,
P509413,SLV,El Salvador,(i) To strengthen fiscal sustainability through improved fiscal management tools and spending effiency; and (ii) To enhance resilience to natural disasters and climate change.,El Salvador Fiscal Sustainability and Resilience DPF with Cat DDO,FY26,2,Active,No,No,LCR,No,"Macroeconomics, Trade and Investment",,Mixed,IBRD,,,,,,,,,,,,,01-08-25,,350000000,100000000,100000000,0,,,,,,,,,,,,,,,,,,,,,,,,0,0,0,100000000,100000000,0,100%,,
P111926,CRI,Costa Rica,to enhance the government’s capacity to implement its disaster risk management program for natural disasters.,Costa Rica Catastrophe Deferred Draw Down Option (CAT DDO),FY09,1,Closed,Yes,No,LCR,No,"Urban, Resilience and Land",2,Standalone,IBRD,Highly Satisfactory,Moderate,Satisfactory,Highly Satisfactory,,,Highly Satisfactory,Satisfactory,No,4,4,N,16-09-08,30-10-17,65000000,65000000,65000000,0,,,24058000,1260000,8665000,,,,,,31017000,,,,,,,,,,,,,65000000,65000000,0,0,0,0,0%,,
P112544,GTM,Guatemala,to enhance the Government's capacity to implement its disaster risk management program for natural disasters.,CATASTROPHE DEVELOPMENT POLICY LOAN DEFERRED DRAW DOWN OPTION (DDO),FY09,1,Closed,Yes,No,LCR,No,"Urban, Resilience and Land",0,Standalone,IBRD,Moderately Satisfactory,Low or Negligible,Moderately Satisfactory,Moderately Satisfactory,,,Moderately Satisfactory,Moderately Unsatisfactory,No,4,8,N,14-04-09,31-08-12,85000000,85000000,85000000,0,,,84787500,,,,,,,,,,,,,,,,,,,,,84787500,84787500,0,212500,212500,0,0%,,
P113084,COL,Colombia,to strengthen the Government's program for reducing risks resulting from adverse natural events. ,Disaster Risk Management DPL w/Catastrophe Deferred Draw Down Option,FY09,1,Closed,Yes,No,LCR,No,"Urban, Resilience and Land",0,Standalone,IBRD,Satisfactory,Low or Negligible,Satisfactory,Satisfactory,,,Satisfactory,Satisfactory,No,1,4,N,18-12-08,31-01-12,150000000,150000000,150000000,0,,,150000000,,,,,,,,,,,,,,,,,,,,,150000000,150000000,0,0,0,0,0%,,
P120860,PER,Peru,The development objective of the proposed operation is to strengthen the Government’s capacity to mobilize resources in the case of disaster and to promote risk reduction.,Catastrophe Development Policy Loan DDO,FY11,1,Closed,Yes,No,LCR,No,"Urban, Resilience and Land",2,Standalone,IBRD,Satisfactory,,Satisfactory,,Satisfactory,Satisfactory,,,No,4,7,N,09-12-10,09-12-19,100000000,100000000,100000000,0,,,,,,,,,,,,,,,,,,,,,,,,0,0,0,100000000,100000000,0,100%,,
P122640,SLV,El Salvador,to enhance the Government of El Salvador's capacity to implement its Disaster Risk Management Program for natural disasters.,Disaster Risk Management Development Policy Loan with a CAT DDO,FY11,1,Closed,Yes,No,LCR,No,"Urban, Resilience and Land",0,Standalone,IBRD,Satisfactory,Low or Negligible,Moderately Satisfactory,Satisfactory,,,Moderately Satisfactory,Moderately Unsatisfactory,No,5,4,N,01-02-11,31-08-14,50000000,50000000,50000000,0,,,,49750000,,,,,,,,,,,,,,,,,,,,49750000,49750000,0,250000,250000,0,1%,,
P122738,PAN,Panama,to enhance the GoP’s capacity to implement its Disaster Risk Management Program for natural disasters.,Disaster Risk Management Development Policy Loan with a CAT DDO,FY12,1,Closed,Yes,Yes,LCR,No,"Urban, Resilience and Land",3,Standalone,IBRD,Satisfactory,,Satisfactory,,Satisfactory,Satisfactory,,,Yes,3,7,N,18-10-11,30-06-21,66000000,66000000,66000000,0,41000000,,,,,,,,25000000,,,,41000000,,,,,,,,,,,66000000,66000000,0,0,0,0,0%,,
P125943,PHL,Philippines,To enhance the capacity of the Government of the Philippines to manage the impacts of natural disasters. ,Disaster Risk Management Development Loan with a CAT DDO,FY12,1,Closed,Yes,No,EAP,No,"Urban, Resilience and Land",0,Standalone,IBRD,Satisfactory,Moderate,Satisfactory,Satisfactory,,,Satisfactory,Satisfactory,No,1,6,N,13-09-11,31-10-14,500000000,500000000,500000000,0,,,,,497500000,,,,,,,,,,,,,,,,,,,497500000,497500000,0,2500000,2500000,0,1%,,
P126583,COL,Colombia,To strengthen the Government's program for reducing risks resulting from adverse natural events.,Second Disaster Risk Management DPL with Catastrophe Deferred Draw Down Option,FY13,2,Closed,Yes,Yes,LCR,No,"Urban, Resilience and Land",2,Standalone,IBRD,Moderately Satisfactory,,Moderately Satisfactory,,Highly Satisfactory,Moderately Satisfactory,,,Yes,3,6,N,10-07-12,10-07-21,250000000,250000000,250000000,0,250000000,,,,,,,,,,,,250000000,,,,,,,,,,,250000000,250000000,0,0,0,0,0%,,
P147454,LKA,Sri Lanka,to enhance the capacity of the Government of Sri Lanka (GoSL) to be more resilient to the impacts of natural disasters. ,CATASTROPHE DEFERRED DRAWDOWN OPTION (DPL with DDO),FY14,1,Closed,Yes,No,SAR,No,"Urban, Resilience and Land",0,Standalone,IBRD,Moderately Satisfactory,Moderate,Moderately Satisfactory,Moderately Satisfactory,,,Satisfactory,Moderately Unsatisfactory,No,3,9,Y,22-04-14,31-05-17,102000000,102000000,102000000,0,,,,,,,,,,101490000,,,,,,,,,,,,,,101490000,101490000,0,510000,510000,0,1%,,
P148861,SYC,Seychelles,to strengthen the Government of Seychelles  Disaster Risk Management policy and reform agenda and enhance its capacity to efficiently respond to disasters. ,Disaster Risk Management Development Policy Loan with CAT DDO,FY15,1,Closed,Yes,Yes,AFE,Yes,"Urban, Resilience and Land",1,Standalone,IBRD,Satisfactory,,Satisfactory,,Satisfactory,Satisfactory,,,Yes,3,6,N,26-09-14,30-09-20,7000000,7000000,7000000,0,7000000,,,,,,,,,,,,6965000,,,,,,,,,,,6965000,6965000,0,35000,35000,0,1%,,
P149831,PER,Peru,to strengthen the legal and institutional framework to contribute toward the reduction of Peru's fiscal and physical vulnerability to disasters. ,PERU SECOND DPL WITH A CAT DDO,FY15,2,Closed,Yes,No,LCR,No,"Urban, Resilience and Land",0,Standalone,IBRD,Satisfactory,Moderate,Satisfactory,Satisfactory,,,Satisfactory,Satisfactory,No,5,8,N,12-03-15,12-03-18,70000000,70000000,70000000,0,,,,,,,,,,,70000000,,,,,,,,,,,,,70000000,70000000,0,0,0,0,0%,,"In Peru originally commitment was of 400M, but only 70M were requested and disbursed"
P155656,PHL,Philippines,to enhance the technical and financial capacity of the Government of the Philippines to reduce disaster risk and manage the socio-economic and fiscal impacts of natural disasters.,Second Disaster Risk Management Development Policy Loan with a CAT-DDO,FY16,2,Closed,Yes,No,EAP,No,"Urban, Resilience and Land",1,Standalone,IBRD,Satisfactory,,Satisfactory,,Satisfactory,Satisfactory,,,No,4,10,N,22-12-15,30-03-20,500000000,500000000,500000000,0,,,,,,,,,,,,497500000,,,,,,,,,,,,497500000,497500000,0,2500000,2500000,0,1%,,
P157489,SRB,Serbia,to strengthen Serbia's institutional and legal framework to effectively manage the physical and fiscal impact of natural hazards. ,Disaster Risk Management  DPL-CAT DDO,FY17,1,Closed,Yes,Yes,ECA,No,"Urban, Resilience and Land",0,Standalone,IBRD,Satisfactory,,Satisfactory,,Satisfactory,Satisfactory,,,Yes,3,9,Y,03-05-17,31-10-20,70000000,70000000,70000000,0,22600000,,,,,,,,,,,35140500,39353370,,,,,,,,,,,74493870,74493870,0,0,0,0,0%,,
P159351,DOM,Dominican Republic,to support the Government of the Dominican Republic in (a) strengthening institutions for improved climate and disaster resilience in priority sectors and (b) establishing mandatory regulations for climate and disaster risk reduction in public investment and construction works. ,Dominican Republic  DRM Development Policy Loan with a Cat DDO,FY18,1,Closed,Yes,Yes,LCR,Yes,"Urban, Resilience and Land",0,Standalone,IBRD,Moderately Satisfactory,,Satisfactory,,Satisfactory,Moderately Satisfactory,,,Yes,6,7,N,28-09-17,28-02-21,150000000,150000000,150000000,0,150000000,,,,,,,,,,,,150000000,,,,,,,,,,,150000000,150000000,0,0,0,0,0%,,
P159710,GTM,Guatemala,"to help strengthen Guatemala’s legal, institutional and financial framework to manage the impact of adverse natural events and climate risk",Guatemala DRM Development Policy Loan with CAT DDO II,FY19,2,Closed,Yes,Yes,LCR,No,"Urban, Resilience and Land",0,Standalone,IBRD,Moderately Satisfactory,,Satisfactory,,,,,,Yes,6,13,N,24-05-19,31-03-23,200000000,200000000,200000000,0,200000000,,,,,,,,,,,,199000000,,,,,,,,,,,199000000,199000000,0,1000000,1000000,0,1%,,
P160628,CPV,Cabo Verde,(a) Strengthening the institutional and legal framework to ensure risk-informed sectoral and territorial planning; and (b) Increasing the financial capacity to manage impacts associated with disaster and climate-related shocks. ,Cabo Verde Disaster Risk Management Development Policy Financing with Cat DDO,FY19,1,Closed,Yes,Yes,AFW,Yes,"Urban, Resilience and Land",0,Standalone,IBRD and IDA,Satisfactory,,Satisfactory,,Satisfactory,Satisfactory,,,Yes,5,8,N,05-06-19,30-06-22,10000000,10000000,5000000,5000000,10000000,,,,,,,,,,,,10042656,,,,,,,,,,,10000000,5000000,5000000,0,0,0,0%,,
P161562,KEN,Kenya,"to strengthen the Government of Kenya’s institutional, technical, and financial capacities to manage the impact of climate and disaster risks. ",Disaster Risk Management Development Policy Credit with a Catastrophe Deferred Drawdown Option (Cat,FY18,1,Closed,Yes,Yes,AFE,No,"Urban, Resilience and Land",0,Standalone,IDA,Moderately Unsatisfactory,,Moderately Satisfactory,,Satisfactory,Moderately Unsatisfactory,,,Yes,7,10,N,21-06-18,30-09-21,200000000,200000000,0,200000000,112000000,,,,,,,,,,,,182137730,,,,,,,,,,,182137730,0,182137730,17862270,0,17862270,9%,,
P163939,MDV,Maldives,"To enhance the Maldives' financial capacity to effectively manage the human, physical and fiscal impact of climate change, natural disasters including disease outbreaks. ",Maldives Development Policy Financing with a Catastrophe Deferred Drawdown Option and Pandemic Emerg,FY20,1,Closed,Yes,Yes,SAR,Yes,"Urban, Resilience and Land",0,Standalone,IDA,Moderately Satisfactory,,Moderately Satisfactory,,Satisfactory,Moderately Satisfactory,,,Yes,6,6,N,01-07-19,30-09-22,10000000,10000000,0,10000000,10000000,,,,,,,,,,,,10024188,,,,,,,,,,,10024188,0,10024188,0,0,0,0%,Yes,
P165056,MWI,Malawi,to strengthen the institutional and financial capacity of the Government of Malawi with respect to its multisectoral approach on disaster and climate risk management. ,MALAWI-Disaster Risk Management Development Policy Financing with Cat DDO,FY19,1,Closed,Yes,Yes,AFE,No,"Urban, Resilience and Land",0,Mixed,IDA,Moderately Satisfactory,,Satisfactory,,Satisfactory,Moderately Satisfactory,,,Yes,8,10,N,06-06-19,21-06-22,70000000,30000000,0,30000000,30000000,,,,,,,,,,,,30000000,,,,,,,,,,,30000000,0,30000000,0,0,0,0%,,
P165928,WSM,Samoa,"i) To strengthen Samoa's macroeconomic and financial resilience ii) To increase Samoa's resilience to the effects of climate change, natural disasters, and non-communicable diseases",Second Resilience Development Policy Operation with a Cat-DDO,FY19,1,Closed,Yes,Yes,EAP,Yes,"Macroeconomics, Trade and Investment",0,Mixed,IDA,Satisfactory,,Satisfactory,,Highly Satisfactory,Satisfactory,,,Yes,7,8,N,29-11-18,30-11-21,13700000,8700000,0,8700000,6000000,,,,,,,,,,,,8600000,,,,,,,,,,,8600000,0,8600000,100000,0,100000,1%,Yes,
P166303,ROU,Romania,"to strengthen Romania’s institutional and legal framework to effectively manage the physical, social and fiscal impacts of natural disasters and climate change ",Disaster Risk Management Development Policy Loan with a Catastrophe Deferred Drawdown Option,FY18,1,Closed,Yes,Yes,ECA,No,"Urban, Resilience and Land",0,Standalone,IBRD,Satisfactory,,Satisfactory,,Highly Satisfactory,Satisfactory,,,Yes,4,6,N,26-06-18,31-12-21,493000000,493000000,493000000,0,437050000,,,,,,,,,,,,437000000,,,,,,,,,,,437000000,437000000,0,56000000,56000000,0,11%,,
P166788,NPL,Nepal,To support the government in enhancing its technical and institutional capacity to manage the risk of climate change and natural disasters including disease outbreaks,Nepal DRM Development Policy Credit with CAT DDO ,FY20,1,Closed,No,No,SAR,No,"Urban, Resilience and Land",1,Standalone,IDA,,,,,,,,,No,4,4,N,10-03-20,30-11-24,50000000,50000000,0,50000000,,,,,,,,,,,,,,25522448,,,23820143,,,,,,,49342591,0,49342591,657409,0,657409,1%,,
P167941,MDG,Madagascar,"to strengthen the Government of Madagascar’s institutional, technical and financial capacity to manage disaster and climate-related risks.",Madagascar Disaster Risk Management Development Policy Financing with a Catastrophe Deferred Drawdow,FY20,1,Closed,Yes,No,AFE,No,"Urban, Resilience and Land",1,Standalone,IDA,Satisfactory,,Satisfactory,,Satisfactory,Satisfactory,,,No,6,9,Y,12-12-19,31-12-23,50000000,50000000,0,50000000,,,,,,,,,,,,,15019407,,,,,,,,,,,15019407,0,15019407,34980593,0,34980593,70%,,
P168580,MAR,Morocco,"to support the Government of Morocco in (a) strengthening the country’s institutional capacity to address the adverse financial impact of disasters and climate-related shocks, and (b) strengthening Morocco's institutional framework for disaster and climate-related risk management. ",Morocco Disaster Risk Management Development Policy Loan with a Catastrophe Deferred Drawdown Option,FY20,1,Closed,Yes,Yes,MNA,No,"Urban, Resilience and Land",0,Standalone,IBRD,Satisfactory,,Moderately Satisfactory,,Satisfactory,Satisfactory,,,Yes,6,9,N,11-12-19,15-06-23,275000000,275000000,275000000,0,275000000,,,,,,,,,,,,271981770,,,,,,,,,,,271981770,271981770,0,3018230,3018230,0,1%,,
P168749,VUT,Vanuatu,to enhance the Recipient's regulatory framework and institutional capacity to: (i) manage and reduce the risks from natural disasters and climate change; and (ii) manage public debt.,Vanuatu Disaster Risk Management Development Policy Grant with a Catastrophe-Deferred Drawdown Optio,FY20,1,Closed,Yes,Yes,EAP,Yes,"Urban, Resilience and Land",0,Standalone,IDA,Moderately Satisfactory,,Moderately Satisfactory,,Satisfactory,Moderately Satisfactory,,,Yes,3,5,N,07-01-20,30-06-23,10000000,10000000,0,10000000,10000000,,,,,,,,,,,,10000000,,,,,,,,,,,10000000,0,10000000,0,0,0,0%,Yes,
P169956,VCT,St. Vincent and the Grenadines,to support the GoSVG in: (i) responding to the COVID-19 pandemic to protect the vulnerable; (ii) strengthening fiscal resilience; and (iii) enhancing climate and disaster resilience,Second Fiscal Reform and Resilience Development Policy Credit with a Cat DDO,FY20,1,Closed,Yes,No,LCR,Yes,"Environment, Natural Resources & the Blue Economy",0,Mixed,IDA,Satisfactory,,Satisfactory,,Satisfactory,Satisfactory,,,No,11,14,N,25-06-20,30-06-23,90000000,20000000,0,20000000,,,,,,,,,,,,,,20000000,,,,,,,,,,20000000,0,20000000,0,0,0,0%,,Had a supplemental financing
P170558,TUV,Tuvalu,"to support the government’s efforts to: (i) strengthen public financial management; (ii) enhance infrastructure management, and disaster-and climate-resilience; and (iii) improve social protection and inclusion in education.",Tuvalu First Resilience Development Policy Operation with a Catastrophe-Deferred Drawdown Option,FY20,1,Closed,No,No,EAP,Yes,"Macroeconomics, Trade and Investment",0,Mixed,IDA,,,,,,,,,No,6,7,N,13-12-19,23-12-22,13500000,6000000,0,6000000,,,,,,,,,,,,,6000000,,,,,,,,,,,6000000,0,6000000,0,0,0,0%,Yes,
P171764,WSM,Samoa,"to promote an inclusive economic response and recovery from the impacts of COVID-19, strengthen Samoa’s macro-fiscal resilience, and increase Samoa’s resilience to climate change, natural disasters, and health risks.","Samoa First Response, Recovery and Resilience Development Policy Operation with a Catastrophe Deferr",FY21,2,Closed,Yes,Yes,EAP,Yes,"Macroeconomics, Trade and Investment",0,Mixed,IDA,Moderately Satisfactory,,Satisfactory,,Satisfactory,Moderately Satisfactory,,,Yes,7,11,N,03-12-20,30-11-23,25000000,10000000,0,10000000,15410000,,,,,,,,,,,,,,9679896,,,,,,,,,9679896,0,9679896,320104,0,320104,3%,,
P172567,HND,Honduras,strengthen Honduras's institutional and financial framework to manage the risk of adverse natural events including disease outbreaks,Honduras DRM Development Policy Credit with a Catastrophe Deferred Drawdown Option (Cat DDO),FY20,1,Closed,Yes,Yes,LCR,No,"Urban, Resilience and Land",0,Standalone,IDA,Satisfactory,,Satisfactory,,Satisfactory,Moderately Satisfactory,,,Yes,6,8,N,10-04-20,30-06-23,119000000,119000000,0,119000000,119000000,,,,,,,,,,,,119000000,,,,,,,,,,,119000000,0,119000000,0,0,0,0%,,
P172742,TON,Tonga,"to: (i) strengthen public finances; (ii) enhance resilience to climate change, natural disasters, and health-related risks; and (iii) support economic recovery
and improved labor market outcomes.",Tonga Second Resilience Development Policy Operation with a Catastrophe-Deferred Drawdown Option,FY22,1,Closed,No,No,EAP,Yes,"Macroeconomics, Trade and Investment",,Mixed,IDA,,,,,,,,,No,8,11,N,24-11-21,30-11-24,39000000,8000000,0,8000000,,,,,,,,,,,,,,,8000000,,,,,,,,,8000000,0,8000000,0,0,0,0%,Yes,
P173008,BTN,Bhutan,To support the Royal Government of Bhutan in enhancing its technical and institutional capacity to manage the risk of climate change and natural disasters including disease outbreaks.,Bhutan Development Policy Financing with Cat DDO,FY20,1,Closed,Yes,Yes,SAR,No,"Urban, Resilience and Land",0,Standalone,IDA,Moderately Satisfactory,,Satisfactory,,Satisfactory,Moderately Satisfactory,,,Yes,4,5,N,12-05-20,30-06-23,14800000,14800000,0,14800000,14800000,,,,,,,,,,,,15040474,,,,,,,,,,,15040474,0,15040474,0,0,0,0%,Yes,
P177125,PHL,Philippines,"to strengthen the Government of the Philippines' institutional and financial capacity to manage risks from climate change, natural disasters, and disease outbreaks.",Fourth Disaster Risk Management Development Policy Loan with a Catastrophe-Deferred Drawdown Option,FY22,3,Closed,Yes,No,EAP,No,"Urban, Resilience and Land",,Standalone,IBRD,Satisfactory,,Satisfactory,,Satisfactory,Satisfactory,,,,5,6,,17-11-21,04-09-23,500000000,500000000,500000000,0,,,,,,,,,,,,,,,200000000,297500000,,,,,,,,497500000,497500000,0,2500000,2500000,0,1%,,
